UUID,COUNT,BUILDING,FLOOR,ROOM
dae9bef5-1edc-496d-8bb4-dd63906546b8,5,0,1,13
fcb8180a-377c-4e52-b032-1384a3b0b9c4,2,1,6,8
3263b63d-a202-476e-9caa-e78edbe66d8d,7,2,1,12
79b7585c-c56a-46c9-8278-b6935fb89c62,3,0,6,11
df8d5082-c8e4-412b-888a-3292064b926e,8,0,5,15
9b19ffb8-33b8-4df5-bc84-3ae4880c759f,6,2,5,12
e0207da1-2ff9-419b-a8a7-7f2559e95611,4,1,5,14
fdfa60a8-47e3-455d-bee4-76a0b0802112,2,0,4,9
d5ca2db7-c2a2-4a9e-ace5-ff520fae4dad,4,0,4,16
954215bf-cfc3-43ae-a70b-bb030d15fd68,3,1,5,13
37de8704-5db6-42db-9391-18446f54c5ca,3,0,6,9
634b3010-2a60-427b-a086-31e7a6e261fe,8,2,6,18
57473145-4e9d-4451-931f-5bf5ac0d26da,6,2,6,14
2afd174f-d46c-4de0-8ebb-cc540fa11ac7,2,0,4,5
edd6ba0d-a000-428d-a70a-1723d6dc15d4,2,2,7,15
2e6fe083-25f4-472e-96a3-4d745107d72d,7,0,6,0
f60dd459-8eda-458e-a080-6b984f01cbe3,0,0,1,17
69e7bf8c-931d-4cd9-a359-2fb1866f2698,1,1,0,6
f3f24adc-5c56-48df-abad-89b826445006,3,2,7,3
893437bd-38d5-426a-a373-bf6d57ee6e63,4,1,6,11
1051596c-21a5-47b0-b63e-efab157c92e6,9,2,0,16
671b82dc-7b7f-42b9-9df8-28ed844c74e4,9,2,6,3
88789d88-c5a6-4fae-b29a-0ffc62900607,0,1,4,2
0d3142d7-5e02-452c-9d67-48fef7dac338,5,0,6,18
ad64e144-62c5-4a7d-bad6-c93e7ec02d4b,1,2,6,14
8ac9edde-a1c9-4350-8a16-a6db00c64f14,0,2,2,3
4071de10-7dc1-49d3-aa6c-693a9e6b1196,6,0,3,2
18683b33-5c51-4178-b907-becf2347edd8,3,2,6,18
1a72c1ac-a41a-4bfb-ae33-d8374503b1b6,0,0,2,7
545d4eee-7849-4d24-a293-881ca3adec71,4,2,4,2
ce7bc6af-4454-4e76-8a43-8bd7965a7c2f,4,0,1,11
120a26f2-3119-4c4d-badd-d9bc8eb6c6d6,2,1,0,15
4c589a4c-27d9-4deb-ac4a-96850a5c4126,6,0,5,12
553dbef7-a38c-446b-a4ab-2427811ce0b4,3,1,2,7
d408dfe6-b215-485a-aad3-528d4143f188,1,0,3,4
1e1c183e-d4be-4513-8e1f-a6d8ef9a1331,2,2,3,18
bb69bb41-b19a-4090-9539-43caee72a910,0,1,7,6
2a237f9b-56e4-4b39-9ad5-3d7f29149d9f,6,0,3,16
5f9dd42c-812f-4210-b330-32806673a98b,6,2,1,1
a62429cb-313e-49cd-a1af-a8c4d280a0dc,2,2,3,13
ea9af3d1-9639-4dc7-9614-772452b0bd06,9,2,0,15
d9e0206a-2f06-4109-84cc-85af4b2f97fd,0,2,6,0
cb853dd8-b88e-4573-a5ef-301b758aa846,3,0,2,8
4c158ef7-487d-44ce-b1b1-dd66831c7fa2,3,2,6,15
fc6e6696-d653-46d6-b8f7-1b1f0762584b,0,1,6,9
6dfd7d4e-8cb4-47b4-a026-30ffb07fdd79,8,1,0,15
b6a4e41e-2287-4ec7-ba92-800d83555131,4,2,0,9
7b69f839-9d9c-4f0d-8f25-f644d7b5b7aa,4,0,2,14
5d58f542-1dd3-4619-9a0c-bf47c5741916,0,2,0,5
3dc47bfc-5b5f-4e86-ac6b-58a424fe24aa,7,1,5,15
4ec4832e-e888-4c2e-9d69-f4b184279f6c,3,0,2,6
8ac5d63d-ec6c-4593-8a0a-2dfc181c91f0,2,1,2,14
e3daf6ab-a341-4abc-a790-e29a289f9397,1,1,2,18
87342742-f37d-4fc9-a727-0529aaef8a50,1,1,6,16
b1e980d0-3ef4-40a5-9f42-35c28c1336ea,3,1,6,2
e5e1bd72-3457-4506-8b0b-0d5c13c0dcce,9,1,6,4
0329f9a7-1a23-4de6-955a-7473804c3494,0,1,1,9
266c8d81-4e06-4724-8269-1c29de943640,6,0,4,8
e31b24ea-f609-4942-8884-a0428eae66e6,6,2,5,17
402eb843-aa23-4771-b5b2-0249ee51ac81,4,0,1,17
4cb45b99-e4f9-4d45-b6d5-dbef4878916e,6,1,1,13
3fb02401-d26e-4ddd-961b-406d47d49ddd,4,0,3,18
c6e9e17d-34da-4fec-9367-549b4a1a7e07,1,2,5,15
24e47d2f-c48b-489e-9c17-b5ad0e452430,3,0,2,19
8bdb2298-d7f7-44d1-82f9-5071916177e0,1,0,0,0
bf16381d-02e3-4891-b117-c32b816c18e2,5,2,3,4
e302bf57-f11a-45e8-9544-7c862c0fef55,8,0,6,3
cfe2ace5-d93f-48c9-bd04-817343e61c6e,1,0,2,17
76287b00-f7ff-4a8a-bcb4-928fe237b165,5,2,4,3
590cf5c4-45b1-4a51-9d6e-466da5db43ab,7,0,3,2
1251d399-a94b-42f0-a3b8-8564a6f50608,3,1,4,10
07b8b43e-2e6a-475d-a261-d15b29b9154a,6,0,4,7
549d9bf5-ef29-44ca-b1d1-bd5c61b81ede,5,0,6,13
0b721d1d-d523-4fd2-bdb2-6b542cbf037c,0,2,7,6
0763a9f5-eaaa-4c64-addb-c6023e98adb4,8,0,6,5
e906ef94-3cd5-4d49-be0e-a188cfbe1619,5,0,3,5
b01ea143-c580-4a6a-8cfb-285821cc4d47,2,0,4,9
4a1ac5d8-40ca-427a-b854-5f9ae1580f46,3,1,3,15
dc170ea4-6635-4d41-812b-8c72f551e87e,5,1,4,12
49c28b2e-9471-42a6-8772-76edf833f058,4,2,2,15
8ef67c6f-3c87-4688-8298-448d63882869,5,0,6,3
b94315c1-4e13-41e4-80e3-af3b940f985f,8,2,2,8
fe8a0138-28e7-4465-8008-d0835f031621,5,0,3,7
2185f9be-cf70-43b5-bdae-8ab7430e8938,6,0,7,13
6f8e5eb6-c04b-4213-a71d-172cfcfe0b75,2,2,5,7
757852e3-1b28-4e7c-a24d-d0e0a3319e08,5,2,2,7
9de43373-b1ea-4b9b-ab2b-d14927c21393,2,1,6,13
608d0035-7595-41e0-a723-ebfc1a267cf7,7,0,2,4
233985b3-2e07-40b1-bbb3-252ebe0584cb,8,0,2,1
7c8c9e89-1f19-4aaa-b166-77499c179bfd,9,0,4,8
5e7dbba4-3621-49ec-820d-b38296f6089c,4,1,5,19
bb1e911a-6e7c-4308-9375-e80e7e32c4b8,7,0,3,10
9c2f844f-1608-499d-952e-3b56a2fc9bc9,7,0,0,19
c2ebc9a0-11a3-46be-9827-51ebb9c578a6,2,0,4,6
cf671048-61e2-4b66-b8f8-9c3111bb3754,3,1,6,0
c9d48dc1-b5ca-4b8a-8bb5-f4d675a4930f,2,1,0,16
24094670-9bda-430b-b12a-3c82ed8f818c,1,0,6,9
9707e3f3-e0bf-4b15-aa3b-b4de4f36df69,6,0,6,14
3b64d2c4-cf04-44d9-9c07-1469081dbc85,4,1,2,5
aa4b0745-dd84-4519-a932-b79e7c230cc6,5,0,5,0
28569f65-c2fc-4373-8b94-370a173de9c1,8,0,4,8
32dbb4d0-47b0-44f2-8781-6fdd013eba95,6,1,3,7
9af80929-24f9-4984-be46-a0ec43b7ff08,5,1,4,15
c201a4dc-4878-44ad-956b-0b8205955df4,0,1,2,11
572bb5b8-6a0a-4568-a57e-054c0c092f07,3,0,6,8
2e19a17f-fc94-46e4-aedb-a73c4e0651ed,0,0,2,8
3eeb30f9-2d97-4994-b15d-9a6d58ed957a,9,1,6,5
f1f67405-149e-499c-b15a-b6460cfc85f5,7,0,7,11
70cd9f65-336c-4a31-ad5c-072669237498,4,1,1,4
608d0ecc-c916-47c0-9e9c-193796d25549,2,2,6,8
2e67adbf-9f86-4a10-844c-3a69ed66e0cb,5,2,1,11
dcbd65f5-adb4-4e58-8321-51b202582adc,3,1,4,11
9256ac74-4ba8-49e2-9138-ff0e258942f1,1,2,6,6
59689c93-a56c-4a21-890a-adf6b017f36b,1,0,4,8
1d9a6ca5-7a86-4672-a76d-b675680f6d69,9,0,7,0
13b95727-4401-4492-8468-b664fbc54bca,8,2,0,14
012c6700-7ce6-4734-a1e3-a4f3f9aa5a49,6,2,0,1
f992d3ad-0ce2-49b0-899b-cb7d8f1cd72a,6,2,0,3
65ef4e36-ab8b-4b9f-a41d-d7c1532689dd,5,2,6,13
9b6d7e9d-1988-4003-909a-29cf8cd14bd0,5,1,2,4
6dbab413-b7c2-4740-841b-ad99824b8bdb,7,2,6,17
f7f3e5f0-62d2-46c8-b1fa-efc9e51b71ce,2,2,1,13
94155616-bfc7-4b4f-b148-9ea6378d909e,5,2,5,2
3e1ab79a-d071-4d5d-8276-ddc47d171ae7,0,0,4,1
52911969-f75e-4058-9df1-a6478095ba39,7,2,5,4
da374458-baa5-4f17-b03c-e7493d99e5cc,6,0,3,19
112f95a4-a53c-49e4-bcf0-9ce25e9a7f5f,8,1,4,6
b745e976-5407-44b0-84d8-fde40359fa42,5,1,3,11
5a3b6320-a811-4c54-80ed-315d739582e2,4,0,5,1
5fa06752-489a-470e-b064-5d84298c2e78,9,1,0,12
7aa00621-7eb3-4034-8e7c-82d8ff79ba81,4,1,2,2
ec280e4b-7d18-4b0e-aba7-a70e58842ed4,5,2,7,14
b258176f-8cce-4952-bc8e-39b4ceec48eb,0,2,0,13
af7aef87-a4de-4c8f-a7e5-639b6b227af8,6,0,2,2
fd991fb6-09fc-4e89-be12-8cc3e4c5b348,6,0,7,4
06765458-f6ba-4b66-ade2-b1b624b30cc3,9,1,0,4
0df73f08-1b7d-46a3-b044-a655dcff7823,0,0,1,14
5c17ccf4-8a8a-47e9-aef4-dff32bdbe70f,7,2,2,6
660a23f9-80dd-439a-b73d-0644dd56d8cd,2,2,5,13
0ec7a78c-5e2d-45a7-a5fb-9a888353b161,2,1,1,5
0ec1986b-b565-487b-a3a7-64c66d5fe905,9,1,0,1
77a667ba-c291-40f9-8f80-15f5775aac7b,9,1,3,10
f18cbd95-5eae-400c-bcf3-6ea17df16ce6,7,2,1,6
7dbed679-7838-4490-83c1-d72dcfa77fde,3,2,0,0
2c8eb408-95e1-4e22-9ee8-4ca38d7c7e1c,8,2,1,7
fac8c1a2-acf9-4fdb-845b-2ffa87313793,9,2,3,13
bd4793cc-66ce-4cda-a1db-6b0a4e9156e4,9,1,3,15
d3da5771-4ca2-46c1-ae9a-068bf2fde52c,8,0,6,10
334be3e1-43e5-43f9-b34a-07d212a4d280,9,2,3,16
10bab532-b948-47ef-80d9-dec25d71c52c,8,0,0,13
48425023-4fc2-4d60-b585-774c7baeeabc,8,0,3,15
dce49f55-e82b-48ee-891a-1fbecd7bddb5,8,0,5,10
a3d51a88-45b8-4b93-8db4-cb2315f818f0,1,1,3,19
ceb0e2e2-132a-4a52-bda2-d94ea033d81d,7,0,1,17
63e5663b-17bf-4ff3-b67a-c15fa97e0042,9,2,4,18
1c177536-8649-4382-acab-e8f3a8b849d8,8,2,6,19
720d756a-4261-4682-88bd-99cd98b867c2,2,0,6,13
f19386f7-dbbd-49c3-bf18-0e14a9505813,9,0,0,18
5b4f847b-be4e-4657-8cd6-cbe8c3be5e43,1,0,2,6
842f1f21-9b70-4739-8110-ac3027099ce7,4,0,0,11
1f4dec1f-736e-4f82-9f73-900527076b3c,0,0,1,13
b49f7aae-3842-4b43-832a-bfbd09e64822,0,2,0,14
f63b397f-2149-4b22-8081-492ffa63ded4,6,0,4,16
2012e82c-4ac5-4bc6-b5f8-17302717d9a2,3,0,7,0
6eb5af96-4e61-4ee3-9b6e-96d2a23944d3,9,2,4,2
e26156e3-13fc-4783-978c-5264123817a7,6,2,1,18
09697ab8-db1f-4702-9b74-8b6ce2b66f4b,7,2,1,15
8315345b-859e-42be-9e32-56dfc56ff354,9,0,7,11
664cedb2-af7c-425f-942a-29c3b819f5cc,7,1,4,16
ccc11978-94df-4e8f-abeb-876a085708c8,0,1,5,12
f88e9ef8-0925-45b4-b288-1d5b9647a19d,1,1,3,0
f18ca24b-1215-4423-a55c-7ab2a4500c58,3,2,6,9
91c2b8e8-43ab-42cc-a70e-d37020bd9b06,4,2,2,2
d144fe64-da38-4ad4-9fc9-0b7a014a0541,7,1,4,1
af992593-a736-42d5-809e-2bf33f90b726,2,0,0,17
95c13d8a-77e8-42e6-8b99-a99172082cc7,8,0,5,8
67527c79-897c-45df-a587-7b0736cf8996,8,1,7,2
73fb31b3-e9a4-40d5-b76b-1f37dadb7759,8,2,6,11
2a3b9fbc-4f2b-4404-a9ed-9442a6dc7fc2,8,2,6,9
ff3f3f92-2535-41b5-a757-839ab49d4cfc,0,0,5,13
15219ed0-49ad-41e9-9002-173dc0bf0857,8,1,3,2
01cde457-22fd-4f78-8177-c53cb81443a4,4,0,4,19
9eb98339-7029-4efd-9e5b-f4883fe6bcd0,8,1,0,17
bc2bb33b-7172-4663-ac00-31400aef68f3,4,1,7,18
287bcfaa-41b2-4470-80f0-2d1dfcd9f340,4,0,0,15
29f7e7a2-a3bc-4210-99a2-19e46af92448,1,2,6,13
065b1c2c-e5d5-4b15-bed9-b38508e9f603,9,1,1,19
7ee187c7-b067-4cde-abce-706dda4c5c93,3,0,6,9
8f0be669-230e-4aec-8e25-d7890215a6e7,1,0,4,8
c8323afc-7214-487e-a0f5-46f7697d438d,4,2,7,10
7132cfac-0696-4a7c-9b77-382a6cd4ecfd,7,1,5,11
16efa524-8315-403e-9b93-c7d227d406eb,8,2,5,10
4ba44c3c-4b9d-4d03-9276-fa80dbde4594,8,2,5,9
03c29727-52b2-4112-b579-d56beba4c2c2,3,2,5,11
7913ca2d-c94b-4618-9393-58f5a5bba741,2,1,3,12
60417a84-ecf3-4642-a253-7a98adc15721,5,0,3,16
3eea5d1d-36e7-4085-8889-c4d6bb434cee,2,0,5,1
402243a0-9065-4396-a761-e6a991ac6e0d,3,0,3,9
25592754-5e52-401d-97f6-93aee6d93361,9,2,5,13
707a66fd-6926-4cc7-a782-14783c510fa9,3,2,4,16
bb62a5b2-0506-4d47-8f62-b6d84bb1b9ea,0,0,1,12
559087b6-d895-43af-9778-03172326ac1c,1,0,1,12
0e0ecf90-8d5b-4c24-a543-bc094db11d5a,2,2,3,14
42d8e1a3-77bd-498e-a75f-4954c4bd559e,4,1,7,18
c0cde665-da96-4ff9-8438-eaa56fdbecab,6,1,1,13
615f2693-32c2-42ca-94d0-22c6376bd6cc,3,0,0,4
1435abc3-5f6a-441f-8390-b260ee6b663f,5,1,2,19
1532df42-c29c-46a6-9949-78c3b721832a,4,1,4,12
2dc71ffc-b5b9-4cf5-9a81-efabbed5d5a9,2,1,5,1
8cb7808a-51f7-4176-9c7a-43285cfdc5b4,8,0,6,7
547ee688-2a5a-4106-bd93-7ad3ca1c7496,7,1,1,11
5110167d-9f75-499d-8594-9505cc4bdbf2,1,2,6,16
2b8a20ad-86f9-48ad-9169-34d64c1224d2,8,1,3,6
fef35d84-5118-46e0-9547-39a73640eb14,5,2,1,2
6d86696a-827d-478b-b4bd-3d869db4543a,6,0,1,10
b10a75be-f944-4ae8-82b2-71331aa5d330,0,0,7,7
12286b84-cc03-44ec-b417-c5800d42ad02,8,0,7,3
18289c28-6ec1-4cfe-aeba-bfb508261ac2,5,2,7,5
1b47836f-009d-4bb4-8647-75cb9d8457e2,8,0,2,3
d5a60600-dcee-4cc4-b273-5cb3147f5661,9,0,3,9
86058523-f661-4f42-8dc6-a5b5796953a9,3,2,3,12
7351038d-8ee8-4f3c-8504-dfa09ea3f123,3,2,3,4
5bf779be-f986-403b-8d97-db24a6e27e07,2,2,5,4
0bcee255-17c8-4e1a-b9c1-e5fc2b10fbf5,2,0,5,1
63e54158-c9d1-4477-9f86-5675076d17e2,1,0,1,5
bc2978af-01a2-4db0-bf7c-85ca43cf729e,3,0,6,2
e86ced3a-1d3d-436a-bf75-8c052721c787,3,0,1,6
7a8f9cc6-42c0-4465-ada9-370f01e0b247,3,0,6,1
30771e35-c26a-4025-860f-2261bfc247a3,1,0,7,10
3a600fb8-a5dd-43f5-9da2-70796340017d,3,2,5,14
846faf2f-fb9a-485a-8ebc-03c0af20e4fa,3,1,6,1
d4821dc6-ad0e-4488-97d1-cdeb347ba491,6,1,5,18
762816f0-2ead-43ee-b476-f67e516b19d7,9,1,1,0
86c28838-4949-497a-98e6-09fe7bd23446,3,1,0,1
716e14e3-0362-4fb9-a21a-93d8bfcc003a,8,2,3,12
979ef36c-fd8e-4d16-a5e7-b813e32c5882,8,2,1,6
280be36a-5553-454c-987f-6a39c3a86109,1,2,2,11
99e47cdb-6c4a-4d4f-a2ac-7fa958d866f9,9,2,1,7
fb1072cd-253c-4753-9276-b82adc903ecb,2,1,0,0
993b2a5c-2eb8-4dec-8aea-10fd8ab43b0b,0,1,6,0
2f8cd00b-d84f-4227-ba26-5cf41d7fbeaa,1,0,2,3
b1169144-d166-438f-a148-ec494d15b933,0,2,7,6
c0c1f1a7-8420-4440-a81d-4e9476a9ccaf,1,2,2,6
ccb4c7e9-3e52-4ce4-932e-ce2e088964f3,5,1,7,19
d5756e87-0a58-4dd5-9a0e-bb0a3d02ef12,4,1,2,9
d23ca3ce-d31f-43f6-935a-2d38b96bb529,2,2,1,17
1e59e881-6777-44df-b4b0-336fadfa7f98,9,0,4,2
289eef08-bc21-47f1-9fa9-2f549bbca5a3,8,0,1,8
124c5131-b73d-4cab-9458-c9778a160a56,4,1,6,9
a346b4ed-ae32-47b2-8776-4bd0775f9eb5,1,0,2,16
e4e37b06-2cc0-48fe-8f3b-7381f8f7e162,8,2,4,4
1270e32d-384a-4128-9501-98d0e4f19c98,3,2,5,16
641cb43e-1514-4833-b5eb-65001ddf67cd,9,0,7,17
cb6c3324-b447-4fd1-9910-4a1ca6d15bb2,5,0,7,9
33ae79c1-571d-4956-b350-eded0ce9db5e,8,1,4,0
3c3bdfb8-96f5-4c6b-9489-258dcc0abea4,8,2,0,2
d9e02b0f-aafa-4b50-8cf7-4ce8bcb1c0bb,4,2,2,13
98ac4b13-d090-4805-9904-d8f9ed4be56e,3,1,2,7
5fdabb09-a5da-4af7-a80a-598fc41f62e0,0,0,5,19
ef23fe50-f33d-4bcb-9394-114c34062072,9,2,1,6
18b8143a-fdea-4048-a4a6-ef99adaff36c,8,2,5,9
a50bef64-b877-406c-9114-c5e7f803f48f,3,1,4,10
2f87d35c-1f55-4296-bf46-29edc69a9a0a,6,2,7,7
9c1b29c4-aad8-41b8-a75c-91403880e35b,9,0,6,15
5893384f-e43a-46d5-8ec0-1609b6239071,9,0,3,0
a0a55a0e-5ec3-42fa-92d9-8dc04a78f447,9,0,1,18
f7d89179-7e1b-42a7-a59c-a16e3631a5a1,7,1,4,11
eb4ab321-0b50-40f0-852e-006952113c73,1,2,1,12
b5aa9d67-5f71-4068-abb9-deec65a72b27,1,2,6,3
1f06f836-bce3-46db-a511-7b07e66f56fe,8,1,7,3
124e1af9-5b31-4d38-91c0-95e95eb572b9,6,0,7,10
15af9834-b20a-46ec-9ea7-c7ba18878ebf,9,0,7,16
968ecc15-9662-4e74-8147-6f5901cefc99,6,0,0,16
976b8974-a550-468c-a7df-e5913bf70411,0,1,0,11
64171fe9-0671-48c3-a9c6-59c02e275665,1,1,5,3
f07b5273-df74-4804-95ff-a22dcd9082de,3,0,7,14
a51f7ee2-2de9-4ce4-8883-bfefe6514a53,8,2,5,14
17519ee7-7b5e-4427-bcf4-2ac0b275b541,5,0,2,13
b50623da-6196-43b0-a19b-a611ee824b74,7,0,3,19
3c730002-ac2f-4dff-b896-d778e35b7516,7,2,3,8
5640a15e-f143-4f47-86d1-23e644e18df1,9,1,4,3
f4faf795-229f-4532-a4d7-3e8a4027fb52,6,0,5,4
155ad45b-1245-4ea3-ad7f-06a21f9ba5b7,0,2,7,5
e2d55ee2-7358-41f4-91af-d1da792fb91f,9,0,2,19
10a64765-2f33-4dd0-90f0-8e99f6ec53b8,2,1,7,16
468a4ad0-32ae-4931-ba4e-a71a8d8263d0,5,1,2,15
688019c3-68ba-4577-a9cc-23c522b0aa4d,4,0,2,16
1f8a1273-7422-4db2-84dc-03c331e28fcc,4,0,2,9
988528a0-c5a5-486c-9b83-c4ad35d167f9,9,1,5,3
e06ab573-944d-41ec-8550-85b182b0c6c8,0,1,1,16
07e3bf78-6c62-4b16-b57d-d13d8743929c,4,2,1,11
0085071a-98e2-4aaa-81eb-7f40be15cb33,2,1,6,8
c1db1073-de2a-4224-9982-407293cfb974,5,0,7,5
c8eae414-833b-4ed9-9b77-4f5bc0927649,7,1,5,17
21e540f6-3c54-4037-98d7-ea4ed1cc790b,7,0,1,8
95ee3fd7-679b-4f62-8ef7-b00a4b4a92b9,6,1,3,0
436f5ded-fd92-4bd6-8c74-50f96e4c2ca9,2,1,4,4
f235f674-6490-443c-884e-f5d9090975c6,6,1,6,3
a78addc8-d50b-4f34-b67a-331789bef07d,9,0,3,13
54a4bbc8-a034-404e-b2a7-87cd024ff845,0,2,4,12
ee0ad94b-710f-4835-b8c0-f1e1f11b803a,3,0,1,1
c0876962-3fe5-4671-a915-7e952972bf78,3,1,4,0
7e4a8b88-e30e-4b59-a7de-521205caf7ac,0,1,1,1
19513f54-8e3f-4e5d-acc5-50586875610a,7,0,0,6
66be367e-e120-4b90-98fa-586fd737c967,9,0,2,7
caf6ae4c-3599-4ff6-a76b-2db9b4854b21,4,2,3,4
72058e31-8383-4d50-bf82-b36a95265889,5,1,5,13
57274431-7899-4fa5-93b3-dfc943be77a2,5,2,0,8
ab0d5aad-1e21-49c8-bb0d-cf6d4f3e5f2f,1,0,7,3
4b7bd29d-dda4-4845-a8c4-b1828a03e0a7,1,2,4,3
ac19acb7-faac-4ac9-9338-38d98e35b8f7,2,1,2,18
b411462b-be2a-4425-8bbb-673489294ea6,0,0,5,15
b31ec535-8dd3-473a-af08-880ae9ba4b18,8,0,7,13
bcd6f70b-1625-4ec3-a7d0-c38cff82ddda,3,1,5,4
abc751b3-68ee-4828-9ac0-a6d1d0b601f0,9,2,0,11
6c72681b-d115-41a1-a96a-24a0e7235c22,8,0,0,8
e9dc75a1-46ab-43d6-9a66-de8d60d6cd47,1,2,2,15
7eaf5fe4-e9a7-401c-acf3-15406a2d6949,3,1,5,11
a526cf54-3996-40c0-9856-aa83c6d5d916,8,0,0,16
18589c29-18b4-4dbe-aeb6-8df188841f4a,2,2,2,8
ce8272bc-c537-4ce9-8056-e62879cf07a4,9,1,2,11
6bcccfbd-7d67-4986-9227-10a91afb267a,1,1,4,4
158c9e41-9654-43d4-8b75-a148d3dc8de1,8,0,2,4
8b5afa3b-d5e0-44d2-bd5b-fc0c6ba5c1e6,8,2,1,19
23ad7cb1-c8db-4c20-b0a4-2acac67da15e,9,2,0,17
49b48195-c055-49b7-9e9c-9762e7500444,8,0,7,1
c216df38-b5d7-4220-aa1e-0bd20eba02df,7,0,2,7
4f402ced-846d-4a2d-943f-99c633fd986c,9,2,6,16
47f7bc92-d5c5-4d75-becc-07c3f1a39a14,2,2,2,19
62b3084a-6b1e-4ac5-a11a-f38c358edc96,5,1,6,7
325a046b-ef3a-4522-ab7e-4f044cd4705b,8,1,5,4
048c6edc-7af6-4f25-9102-10c89619edb3,9,1,7,14
f8b2fcc1-ecce-4258-a8b5-4e4da286d14a,3,2,7,0
a08a6914-030c-4233-b075-7a33d8779a7f,2,1,1,4
62ed3c6e-9d87-46ae-9e45-4d514b0fee42,7,1,5,3
2b0c1eb9-7fd7-46a2-9a12-4da239213059,9,1,1,11
5994afad-de9a-43e9-ab1a-4aacf52da835,6,0,1,1
90f7880f-d3f5-41b5-ba49-c919246f2924,1,0,7,5
dbd98636-195a-47bc-82e9-a7b59e3cf3de,9,1,0,9
56292a3c-4979-4171-950e-c4792dc9d3c2,2,1,2,11
3173bbf4-4d3f-45b2-8c40-360ad26bbac7,1,1,5,18
afe86574-2a68-4ccb-a7e5-61139555b5e3,0,0,6,3
01b11424-73ff-4484-8e6c-dfa82207ce3c,5,2,5,13
8a72bfb7-9d44-4a2b-92d9-9f6a67e03803,4,0,1,2
bd497fcd-949d-4940-afcf-55dbfd1e67d2,8,2,5,6
50937541-1561-49ef-ac7d-82694f9474c4,1,2,1,12
faf0ba6c-02b2-4086-ad85-a09300fdb86a,8,1,7,14
8da8a04c-432a-4cf9-a92c-566a13f405de,7,2,7,14
08ef300e-cb76-41e4-bdf0-8f3c3f219efd,4,2,1,9
d6c92492-c8df-4db8-995c-20d04671c2dd,0,0,2,18
9b20a146-2321-46e3-af22-7d59db93d0b0,5,0,0,14
0f745354-7d21-4e95-a2d2-1e14fbc01590,8,0,7,7
b4071bba-4ae6-4e05-b3ec-6d422c95b766,0,0,7,13
80553266-637e-4d13-a2a1-4cad4e81442c,7,2,4,14
6a64c06d-e701-4df9-bcd7-25b5af5764a3,4,1,4,7
577eb697-b927-408f-9535-a15ac8ab1330,0,1,1,3
24627c97-f2e3-44ec-84c7-1cd8327587bb,4,1,3,10
249cf333-57af-425f-9435-c76073c97c29,1,1,7,10
e24cca7e-275c-470c-a11b-323c47887368,0,0,7,11
f89f0a19-84f9-4cd9-9c46-87f89f5f0915,2,2,3,3
683d0b1e-ae58-4aba-bc43-2391520d29aa,8,2,1,13
74f04aa3-13ce-480b-a5fb-1e4e9f65fbbc,4,1,0,2
3afa4acf-2e0c-4cce-a263-6f9511187e58,5,1,6,19
595c9c94-6ad0-434d-bf32-e42e0fafafd8,8,1,6,5
641c35e6-419e-41b8-8988-45c7858a038c,4,2,0,0
c754f990-232b-442b-b356-2fdf16f621d6,3,2,0,16
1d974ae7-49dd-4ee4-bbcc-ece4b93a6a11,8,1,5,14
06601f17-dd23-44ff-babc-f84fdf87e2e8,1,0,5,2
c798cf71-1957-42e5-8c00-9fc232306c17,6,2,4,6
2075b0ce-6f3f-4427-8e9f-33c554ab7e60,2,0,4,16
d444630e-74c2-4603-848e-245c013891d6,7,1,2,8
d74073e5-5f25-4552-a1fb-00205ead738e,1,0,4,13
c89e8ad2-0d9e-4c2a-9772-770fdb2eac27,8,2,1,17
ca1bc2dc-f947-4321-88da-c0066ba7d592,5,1,6,9
17b002ff-eaca-42ff-8046-0140f847a8fb,9,0,7,10
471347c3-7608-4058-b454-d1a5223dfe1c,5,2,2,2
b08cbaff-36de-4e63-9093-9438f9ec382d,6,2,7,19
ff722302-3e19-49bf-b152-41418b7d7416,4,1,3,16
cc0ecfc9-064c-4e30-b002-3716a05a935d,0,2,0,2
2db6731f-4a4d-45b7-980d-527afb472be3,5,1,6,10
e547e0a7-f8e7-492a-b1d2-ba4ccffbd0c6,1,0,3,0
e8ff1f74-6324-4cbd-986b-d8fec49b203e,6,2,5,0
1dab1a0e-091a-499c-94dc-2a5792c49b78,6,2,6,19
a069b99f-da79-410b-8720-2cc05904fdc6,8,1,6,9
db95ebfb-9f9d-4045-ba1a-88a5830d2eb9,1,2,7,13
0455e7d6-daf2-48c3-854d-08fc286850da,0,1,5,4
f53764e2-5bb2-405f-8555-d0561e6fe1d8,2,1,5,5
671faad4-8504-4f44-855a-c09d249c4fc5,8,0,3,16
ab47f4c1-0ec4-4ee2-b78b-c87baf3b708c,5,0,1,3
d88917d7-3e5f-4461-a1ed-60443e538807,2,1,7,3
eb6dd61e-bf2a-45a6-8e1a-2e5d9700d6de,0,2,7,6
bbf32df8-2ae0-4180-bc18-f9d28c17b439,2,1,0,16
4640a5b6-9686-4df3-9edb-f35d9d9ce949,3,1,0,7
485be11a-adfd-46a8-8a04-ff8849926879,1,2,0,9
9db74126-2fba-4f92-b7c2-14be64e8342b,5,0,3,18
7ca9a07c-df5c-4d7c-ad32-2a52a0e8fb16,2,1,4,17
f5afbf2c-4741-40a7-8202-5fce6f572b9b,6,2,4,12
5a98b2b8-9f02-4cbd-9574-2e57c2d1ba35,6,2,1,1
b52c848d-ff16-4682-8042-9701a0970375,3,0,6,4
77cbc2dd-481b-4e1a-9e34-b3975c3e6d81,8,0,7,10
f42769ee-c61b-43ad-b796-2f41ca1fb1cd,0,0,7,16
1a1b07dc-8255-4bed-af38-a1e6cbda041b,5,2,2,0
5f8446ff-5a09-4855-9530-bbcc0c6fc2f0,2,0,3,8
e9b9397a-eb04-4ee6-8d92-bef8f66f5bb6,9,1,2,14
8085645c-9154-4036-8992-5fdaa4aaed92,8,0,0,19
c3da2e13-af6f-47f2-92e0-a48c6f2af5de,0,2,0,0
0ecd0f82-501f-48ec-9d67-65a4ea97e69d,7,2,7,16
ee8e727d-3b80-4491-bc7c-fff70ea30f56,5,0,1,11
1c28ddd0-e9e9-44c7-87a3-76db1b81da2c,4,2,4,9
585cdd23-e298-4d80-877b-c16fbb4f1c4e,5,2,7,15
fdef567f-e39c-4f54-ae36-fcd213a7bb6a,4,0,7,18
2dc56fea-15e3-4866-acdd-9f9d3fd9d170,2,0,0,0
2eacb10e-3b95-4dff-a947-46308c0a5abb,1,1,1,1
efa33dde-bd19-432e-b831-1efb2c1cd1cd,8,2,5,2
619cf346-7640-41c7-b274-093562406cbd,6,1,6,3
f01f0f18-061d-4ac7-96b6-45dbb2b29a44,0,0,3,10
d0965ed5-f9ab-4e06-b249-e86c26f91322,3,0,1,15
da866b32-472f-4824-aed5-cb6e55848661,4,2,4,7
52100206-4f2a-42d7-add9-85cc62e3b314,3,1,7,7
b428c0c7-a1ec-4e33-b1ab-50ca424c283f,2,0,4,8
043d4fce-4c56-46ef-9257-17022ae003b4,6,0,6,13
952c7e67-8a88-4f31-8c75-160ea10f3994,4,1,7,12
6aca944c-ad76-4a51-8177-ff131f70e992,0,0,3,2
a188050f-c260-4d25-a226-3e1c7701b6c4,1,0,1,19
f7dd6835-e774-4221-bae5-b306f113119c,4,1,7,2
d41020fe-b812-4a6b-8e79-488a86776b33,7,1,0,19
7a75a6ff-b673-4d58-8f88-f85c2604aa56,2,0,3,10
b11ab9c9-24b1-44ff-bddc-66a0c4b7bff5,1,0,5,5
f55613ee-7954-4eee-ad89-104a435f121d,1,0,6,15
95c33b88-b374-473a-aea6-2d90eaa89db5,0,1,1,3
f8f5323e-391d-4c58-96dc-a5f85c994f54,3,2,4,7
3e82bf4f-64fc-4414-bcae-89391605932a,8,1,3,7
c19ae122-6379-4307-afa4-1c0b92a55184,3,0,4,6
bde23803-566d-40e5-bade-a484e0552592,3,1,1,3
2e8bb56d-29e1-4ec5-8cb2-16b428818826,8,2,5,6
d53c668a-f8b1-4abc-9cbf-4b7f85e16cb1,6,1,2,8
0895b9d5-f3d2-4717-a3bf-39f5938d4583,1,2,0,9
e8a23a12-9080-4957-a8f7-e1956776d5dc,1,0,3,9
b5464f6f-8f95-44d7-97a1-ffe8911e53af,9,2,2,3
be0e163f-bd2f-4224-8639-26fa9266d5a8,9,2,1,15
a845b5a1-09b1-4cbe-9141-b896ec883229,7,1,6,16
2a8f2cc3-b669-4f1f-b979-e138fdc3a1e8,4,2,5,2
c58f4fe8-db73-4f50-a54d-6cfdcf299d3d,3,0,2,8
6b5c4b71-7deb-4022-99a1-64b11a0c0738,0,0,6,1
8b4ddda3-16f3-4c6e-9cc1-9eee89a64991,2,0,0,17
81af75da-3ecc-4e5d-a677-33d81c4bbe18,6,2,5,7
075c9248-244b-4a26-adcd-7110424559a9,9,0,7,9
b9f62146-b7bc-4f9a-831d-c1a2524c6ca2,2,0,2,6
2de4e04b-0af8-486b-b6d0-11b1b2499927,8,0,6,4
bc331b02-a523-413c-947b-48af7426af55,0,2,7,8
1c615e77-8eff-4088-88d0-bf3ddf784abd,7,2,4,17
644ddc21-3845-47ec-bd67-2a88eee84bce,2,2,6,1
41f73c56-1ab8-4ce9-a011-a92325172628,6,1,4,10
ffb6b0e3-1ebd-4d5b-8e87-e7c9d1aaf0c1,6,0,5,6
3e240868-9dd9-4906-bb23-1cf796b9139c,4,1,0,10
c9990e39-c7f9-4f07-89a3-a3d40c439fb3,8,2,6,0
9e1b023f-d3b0-45f9-8d00-b3696d17e373,5,2,5,7
1eb0ae60-3c63-4245-b77e-0cd624f488a4,0,0,2,6
9f61e5f4-37de-49b8-9d10-96106a7962ff,1,1,7,13
cbd77939-9255-4987-9a30-13b6aa953e2d,8,0,5,15
df0f30b9-8ed0-4f79-a29f-c82ce564912b,9,1,3,2
4c38c3d4-dbea-4d73-9306-6fd1e67b4d38,6,0,2,16
0dd3bc71-60d6-4eac-9a10-2e6498fbb8c2,1,1,2,16
cd065efe-bdc7-4464-904b-7e223a398277,0,2,1,9
a8978de4-115a-4d6b-bbc6-8064c2d49261,2,2,6,4
6cdeffeb-45e3-40f8-85c6-4b29c00b9cf5,6,2,3,2
c8b0b1cd-b7b7-4d4b-9a46-76a82ad45acb,5,1,3,19
c402ab57-ca1c-4c42-a982-45e7d270aa5c,1,0,0,1
3eb811e4-5c55-44bc-a4c3-8bda97660114,3,0,0,6
555f7824-e6de-4d6f-ad08-7d0ac838d7ed,1,1,3,13
b26f156b-74e5-409a-9aa2-b9de0d1b5329,8,0,2,9
1b4d1b6c-65be-4654-8ae0-a612cdf6eee7,8,1,6,1
24a83524-bfdd-4483-a1fd-a5124f46443a,2,0,1,1
b2020013-f186-45a9-bbcc-1b2e1e532aed,4,0,5,5
28ba9e8a-afa8-4b22-a51b-b894701b38e2,1,2,0,13
5736caf1-d312-4208-8e11-a97e6ff0260d,3,0,2,7
fe845bc4-124c-4337-ae5b-e02e8745cc69,0,2,4,7
54368b77-f9e5-4d2a-9254-477c31ccf07d,3,2,3,11
dea5c769-0ce8-4226-b41a-e1625f6b99a1,8,2,6,18
25edd20d-3f54-476f-9e4e-e19200d38f61,5,1,2,2
10d99383-6268-4edb-a12e-b14cb6fcae7a,5,0,7,2
a9d640ac-2f8a-42cc-a07a-7bbf1f3059aa,2,1,2,16
ca3e10f7-726a-46f3-8758-e9fb14961ce2,5,0,7,1
4b84f9b0-58dc-4cff-a1ff-904516b27a2a,8,0,4,18
176b984f-5375-44ce-ab7d-9195310e15dd,2,2,5,19
d4fc6f01-3cd4-4c03-a9e4-3a5f17daca71,6,1,0,4
bb7fcf81-f68d-451a-93f7-6e7049c2b397,4,0,4,0
88487690-6073-41c5-b32b-e7c7436b2fdb,3,0,6,5
4eee4537-d848-4328-80ef-e1bddd5291ff,3,1,2,18
71be1c11-907b-4eed-9797-7ab1dc0928ac,7,0,2,3
5b72d74a-08ef-4115-8625-a1ca47d457d8,5,2,1,18
ed2f5df0-287e-4321-922f-ea6c7123225b,0,2,6,16
ad46086a-3b02-47eb-8f65-591fefa68ca2,3,0,3,2
986a278a-7996-44a0-813b-a78fa8636c6e,9,2,0,8
3c785c31-1a90-42bb-872b-1d47eed793e9,2,1,6,14
d10dbdf1-31ca-4f3a-8608-e59b9934e393,1,1,4,19
c9a28608-fc6c-475d-89cb-71f740ea3f8c,5,1,4,2
dcf5572e-0147-401b-87de-59383f9d5b68,9,0,2,9
78461c79-19a3-4c22-b4da-09f1a9a1fb99,3,2,0,16
1d3e3d3c-2a7a-4e84-8afc-e750a2d92571,0,1,4,13
56c2e0a6-df22-4c8d-b834-59e2ffcec75f,9,0,0,4
166c8113-13c9-42a9-b31c-d6cbcb735edf,4,0,7,3
dedd7614-7043-427a-907c-08075e63f8ba,1,2,3,2
ae9d3248-3168-42d9-be5f-cc567fa2b6c1,5,1,5,3
7bf3792e-c0b7-4b79-9113-f0b3d5c3b9e5,7,2,2,0
4c8afcfb-602a-4364-8fbd-574a9cbecbfc,3,0,5,14
e0afcd6e-8742-4641-95e2-8b317b49e68a,6,0,6,17
f9c89f8e-3254-445c-b050-d3638bdf8ca8,5,0,7,9
f4059d6a-3c92-4355-8f2e-d839eca30c97,3,0,2,14
365bc54d-9612-46a1-9a00-10530b9cae10,8,1,6,14
bd65870e-e1b3-446b-b827-b0136c277cc3,5,1,1,12
c9995afa-4b3b-4de5-8e6f-1c716e36fd88,3,1,3,9
30547065-0d5f-44d9-bee2-9b05c91a9dbd,0,1,5,4
78d90ac1-d11e-4d39-9e9d-009794f06ce2,4,0,0,1
cd37ab04-a467-46b7-ac6b-5af48580376b,2,1,5,16
7b95a33a-615a-4a93-ae56-22692dfafcbb,1,1,2,17
0a571287-6f06-4c44-9e2f-64318950fc11,0,1,6,8
5ab8ee97-2468-449d-88ed-c844b29a886f,3,1,2,19
82217dd2-b018-4552-a553-f05040a4a820,2,1,7,14
789e457a-afa6-4122-b6af-1ae10a61d167,7,1,6,13
32519d57-cacc-4be6-9d75-472f8b72cbc3,9,0,1,5
84bc15d3-31c5-4362-b921-3512dd6cfd19,7,1,1,7
bf7489b1-9e25-4b51-88b2-bf87f1152534,0,1,0,18
b93ffdd9-325b-4e6c-b7b2-fa29c74b1077,8,0,7,5
37b04ef3-00f8-4910-b1f8-d0913dc34ef1,9,1,4,2
3a826f1c-c5e9-4ed3-b220-f17e3b9fba59,9,1,7,3
c1bdf662-f984-401e-8851-9403f302b134,4,2,0,10
12f28299-8685-44cd-b3e8-c28d0d9c78fe,8,0,1,9
60e3ec0c-585f-4893-b65a-b47b4cd65ab0,8,0,0,15
eb7bbd8e-c273-4cf8-a7f1-ed046e8baf97,0,0,1,5
57c75259-51a9-46da-a7fe-980ccabbf648,4,0,0,5
24acff0e-65ee-4bef-9097-15b0dc439e5e,8,1,1,17
d88c0083-ca3f-4b26-867d-874dc49873eb,5,1,6,3
224b968c-2b07-4495-a334-eb5af961d64a,5,0,1,16
fa966142-5d97-421c-917f-18900d68ee6d,8,0,6,14
3621e513-3c69-469d-8665-c94551b1933b,8,0,1,12
b6e6d740-deab-490c-8bff-c273a5155852,4,2,2,3
56904703-2e9c-45eb-9ed6-1482c103ae3b,8,1,6,13
661f7659-bd52-4d6e-82fe-b6ffda7abb5d,4,0,7,3
871d898d-29ad-4718-888e-831d94a4a1c1,9,1,3,19
7829c3f2-9438-4d28-8d94-0d8fdd0e74fd,8,0,5,13
b7b45c80-cc15-4271-a59f-8f8cb0f737f2,4,1,4,18
5875c2d0-faf9-4c4d-ba36-7534a1f69fa2,5,1,5,15
693a70b7-53c6-41c6-8071-3b45cc6e7842,3,1,2,9
33f762cd-c2a8-4452-80da-20698e02a1f8,3,1,2,1
8be2e4d1-a469-4990-bca3-7c1129e3a197,8,1,3,12
24de31fd-d418-4c0b-a2f6-ab2da2e08938,8,1,4,2
55d68420-3473-4f87-8288-e23dacdd33f3,4,1,5,17
83e03ab7-853c-4d6e-a91c-3935a1336b31,3,2,3,2
0709f020-da4c-4418-a08f-f5920f181dd0,5,2,4,3
66023dd6-0c1e-431e-a895-76c2ea8e26c3,6,2,5,15
375b387f-81af-4bb4-abe4-e514aca2d4e9,5,0,1,19
53d800a9-d2b5-4e9f-8f62-64ce0ac3de17,3,0,5,2
022e5fac-3952-4fa7-a556-0c0ba0531509,2,1,4,7
de6fce90-d7bc-4c93-8001-cf7ef77e9557,0,2,2,14
970dc3a8-3918-4a48-8bb9-3a7e3a5d83a3,4,0,6,19
ac513145-4f30-4690-b8dd-cf97ded13865,6,0,2,19
3947ce95-b754-44dc-893d-93c2070972d6,9,0,6,10
3e5a84f0-d971-4d68-a287-7d00db8a510f,2,1,2,17
ec4ef713-1500-4fa5-a231-616a91a8f42b,9,1,5,0
47ad5739-f319-4de3-bda9-eb8d1344eff6,1,2,7,16
b07a20e8-fcce-44e7-bc2c-7c2e07188c79,2,1,1,15
f155b345-f50a-4866-b764-0874edb454c2,2,0,0,4
d655a1a2-d5f0-46fd-be97-4fc5f3271dc0,6,2,1,5
c8f2d9c7-5a68-47b6-8f87-362e5a67c625,2,1,1,10
37f05499-f290-4edb-b9fa-de8766557d50,9,0,4,0
f02a8d31-aa1c-4aed-987f-6c198a0725f5,3,2,4,0
8079a195-a39a-4d35-88d5-f409505bd01a,0,2,5,2
1bcf416c-b2c8-4c01-a4d8-c1145853af14,9,1,5,2
9483af60-6b66-45d5-8b59-a2372f41d168,3,0,4,15
ce828593-4c65-407d-a6bc-2bbe5d74998a,1,1,3,19
867a663d-07cf-4d1d-b4dd-d66ae6806f98,2,1,5,8
6cfe3947-f904-44e2-a948-4aca907dd8b3,7,1,4,14
4d8b0efb-67dc-41c5-9603-09724a416206,5,1,2,19
d275282a-ca8e-49fc-b95c-fe8c88cf29a8,5,2,1,6
139408fe-f068-4f8a-a3b5-70799ec8fb72,6,0,3,18
645717f0-f0ee-4249-8dc7-5277645e369d,5,2,5,8
7fc7b055-890a-4231-a9f1-30c6f1020dc0,7,1,2,7
8bdb86dc-52ca-4714-9360-cf5a860727b0,4,2,5,9
37337107-a05f-42bc-a5ac-b0cf5b6edc9d,6,1,1,15
a84a6c8e-1771-4845-83b5-ec97636d62ea,6,1,7,5
cd8077d9-35f9-4f25-beda-30d178b0561f,4,2,3,13
576eccb0-5442-41cc-95ca-275578767c4d,1,2,7,19
3e98a640-3662-4955-8698-83b89f9c8d25,3,1,0,14
d740e911-9192-4e18-845f-1a10f04bbf82,8,0,6,18
1e80498c-ca27-4869-9a08-1b072f8059ee,2,2,4,6
43bac767-1882-4e93-a4bb-7f20e1687422,8,2,7,0
21813b57-400e-4abf-9c67-3e984015344f,6,2,2,1
4b418636-f3e3-43af-ae9a-352f3ff3ad22,1,0,2,1
4e6f3a35-0b92-42cf-97cb-44bb5e884bf8,9,0,2,2
f362adb2-cd82-476f-8239-9109df799865,5,2,1,1
365c9ec4-02c7-4f98-9911-e54d74c18307,3,2,3,0
0976b49a-58f7-4138-80a5-dd868db8c388,6,2,4,19
4391df68-ddcd-41e2-8f7b-ef660cc431a5,9,2,5,16
fbd0d362-343b-4ad9-8f90-85c4d31d486f,2,1,3,16
48ca27e3-0288-426e-874a-3f194d3a0e49,9,0,1,13
355c19dd-a8a1-4532-a4ee-98b1b0bf2e3a,9,2,5,11
40d642c4-f91e-4172-81a8-22938a1e2a34,0,1,3,0
3e1f5000-f5d3-4b03-bd2b-c84ec4054dc6,6,2,0,9
0b5c3f20-0e72-4c26-9bd1-f179052c4574,1,2,6,0
9a864cfe-6ef8-4747-bc43-b1b10028834d,5,2,6,2
15adccd7-ad17-45b5-a61d-ed21b8787c23,7,0,6,16
29ed2476-b3b6-4ee8-bcd4-4dc7a8598f3c,4,2,3,12
0130ac38-9d5a-48a9-ae34-eed48bd0109d,0,1,6,4
477239b2-a3c6-478b-8219-37d3769f4dc2,7,2,1,5
565b42b3-8923-4f9f-bf0b-1b9c365aff20,9,0,3,16
dc611cf5-d479-41f2-bd55-de7203e23242,5,0,5,9
094857c3-5a8a-4b7e-b26c-013252b9a3c4,9,2,2,17
066d8a9b-d3ff-46c5-8e83-3ede0d6f9f11,2,2,3,19
749a2ecd-6f10-4b88-a5ab-e97e7f8926f9,2,0,4,2
78035bcd-36e6-4abe-86a6-905e372766fa,5,0,4,2
bb9ed34e-f99e-45aa-905b-a6edcc8470f5,6,0,1,5
8825164a-4858-4092-9096-707aa0397895,1,1,4,12
0d33dd12-6897-4893-84d0-59c4051c5b43,1,1,6,15
4e2adae1-f460-46fd-82df-e7b1129d0e28,1,2,3,16
4f0f6293-df44-4c1d-9ab9-872b747f2cd0,0,1,5,8
50df13b2-01ca-4726-97e1-67a5f27c754a,4,1,4,8
8fac9d55-8c4a-4e4b-9e42-68a498605f9a,7,1,4,16
fc2cbadf-1e0d-4de3-b41d-ddee08ff59f7,9,2,6,18
0a10bb26-095b-4e94-b525-110ae95b3879,4,1,2,7
245860eb-0de7-4f5a-954a-aba5199daf1e,4,0,3,17
43867cf9-642b-41ea-a237-1da65a418744,8,2,0,15
fec53094-042e-43f2-a8b5-3e8f20fa5136,4,2,3,0
fbb1cf52-1ee2-4683-83ac-1ddab5cc52f1,6,1,1,17
4a0b31ce-03d2-4f4c-8580-de4c7ed3439d,2,0,7,13
b55c71ea-2b08-4ae8-b0e5-7d6b4a3b9fbc,5,0,1,3
5d4afb31-fdb6-423b-9ec2-e5f582e31e31,8,1,3,6
716ccab5-a552-4435-b089-471723041d47,6,1,5,17
bd711523-b582-48cd-ab7e-805f43f76da7,4,0,1,17
d4c991af-fafa-47e5-99eb-ed8a393c8ccf,3,2,1,0
833618e8-680c-46b2-998a-e47c7db7be29,1,2,6,11
fda372d4-261c-4ee5-85fa-cbff135c8b6d,3,1,6,6
47e48bc5-718f-4844-9133-8a817b09c92e,8,1,5,9
0894899d-0d53-4f37-85c0-7f5163c26615,6,1,7,12
f1fb8d18-efe9-43a6-a570-df4a06f64713,7,1,2,8
a29b918d-43f9-46d1-9e75-28b93b157bbc,4,2,4,10
5290f6c1-e4f8-4ab5-9927-7dc564a43532,6,2,6,8
6d79ff84-909f-4e0a-a543-f4d73cbffe00,0,2,2,1
f86798d1-28fb-4d3a-89fc-1c2684283eb0,5,2,2,3
45c3b873-5990-4078-8455-d9af3df131bd,4,2,1,17
160eae41-116f-4793-a3d0-e9416c25e70d,4,1,2,7
070bc7ff-7d8f-4173-8718-544586d92455,0,0,3,19
429d64e2-76d7-4fe8-90fe-2ff5f3ded1f0,8,0,6,18
4fb2243c-28ea-4f2e-bd55-c90add1ee921,3,2,4,0
0387dcfb-c588-4fec-a359-d0e97d783a19,4,0,4,11
311cc609-769a-47dc-80eb-bd657e094f38,4,0,3,19
bb828f29-7b28-4044-9475-028464b193bc,5,1,7,9
1b2d92eb-0601-4f6e-bb27-09c27d4e121a,9,1,5,17
69a38e03-be8e-4365-876b-06d711027fe8,5,0,3,2
1463d4d0-1f99-4f23-949d-e1ca00babcee,5,1,6,19
5fbf2a0f-1b9e-4d0c-a61d-b973c7d3dd4f,8,2,3,8
2cf61aa8-59ad-4db7-87b3-a6630ad66037,3,1,3,14
b1e0a20f-61ae-4868-ba48-fb07e510df82,8,0,0,19
18b36a46-db5c-48a6-8d95-29d7183d2e25,3,1,6,10
a6df5ce2-4c5c-4e9d-be2e-fac95aac1de0,3,1,4,1
11a557c2-c674-4a95-ba6d-10633160a707,4,2,3,4
43640338-2141-4670-b66c-97529cf46916,0,2,2,7
12502564-8796-496f-b93e-87834ed5e79a,3,2,1,5
fcf4473c-ae78-4178-8ba3-0a2c2a73b450,6,2,3,11
f562e6db-46eb-466c-9ddf-b3b48845d9e9,9,2,1,5
92714eae-1af6-4465-b3da-cb29ef392f02,0,2,2,1
1cfcee5c-78df-495d-866b-3c332a43c701,7,1,7,17
280b9fa3-f5c2-4cf8-9f36-a861dd0536d4,2,0,7,10
9a317774-45c7-46a8-a14a-7d640611be26,0,1,3,3
f267e275-815e-400a-9df3-20a96ee2236f,5,1,3,16
68ae115b-fec3-445f-a5cd-213f89e7f390,6,1,0,6
d9ef1ced-eb1d-4f71-b23f-11d781da430b,1,2,4,0
dafdf136-b5b5-44f2-a0ba-924f0c11b46c,8,2,1,3
1c205c12-ee5a-4ff1-a1a7-80dadba29f34,2,2,3,19
540c07c2-b4f0-4ee8-b963-f8ae266ae199,4,0,7,19
79f19c17-725e-4b22-baf2-9b24b8487814,4,1,6,10
4f2e7779-d5ef-49d5-9e3d-d5603af1e84a,1,0,1,13
8243f778-82aa-437b-b486-e66942b9606c,6,1,2,13
46297b6f-a7ea-45ca-bcad-e90bacbc21af,3,2,1,2
150a3ef0-5a87-4ef3-a8f4-7d72d57286d1,7,0,2,15
3131ff41-3492-4690-befb-81c7954cce89,2,2,1,13
dfb27a65-38db-47af-9b40-990c312b07fc,0,0,5,15
490942ab-7210-43d8-85be-72a788f4c0a1,5,2,5,18
5599b824-d0a5-44c0-bd6e-c337d6d0606b,0,1,6,13
9318bfe7-aed1-4da0-975e-b28d46a753a6,1,0,1,6
6c1a4ebf-d208-43ea-a42c-81492aaea715,8,0,5,6
71f94918-09a3-4881-9e4c-0d312b99fd89,4,0,2,11
5e777bd5-c470-4033-abc5-5c2f81526fc1,9,1,0,14
64f0f59f-3503-48d1-8506-e5fe2844eb56,2,0,4,10
265c63fc-ebef-4dd7-a85e-4e6063b07df1,9,1,3,1
e09d3bf7-aeac-42f3-8198-a4470ea2b18b,1,1,7,11
b7236fc6-47d1-48f7-b1d5-c2b033f5776b,2,0,0,14
35daa92b-7807-48ed-9419-5d26fc730d29,0,1,5,9
bca26262-a79e-48a6-98d0-a04a44a2e853,2,2,3,3
e3093d00-86e7-429f-a8ca-7ebad8384bdc,9,2,3,13
b013d589-1f5c-491f-8f08-c788b4f1e550,3,0,5,0
8ae2ceb7-7f97-4f94-b338-93122b33a1f6,2,1,3,9
887c424a-57ec-4f4d-96fb-b31483d8c717,7,2,4,14
5b6d9b1d-415b-4ffd-8620-7490ba3805d8,7,0,6,10
7b9a8c8e-3c63-4a9d-beff-053dc3211097,7,1,6,11
0b8246a9-da53-4ee2-b5e6-44ce336b8272,8,0,4,15
c37fa362-db2e-42f5-bd25-e95b1781e3f4,4,1,5,11
c0ba7b8b-e28a-43c6-86d3-6f792e037c00,8,1,7,9
00b3bf53-8e4a-4bd9-b52c-40803ca4aa6b,5,0,5,17
a1ab850f-daae-419d-a42c-6fcc732d02a1,3,1,4,1
be63d8b0-4d80-471e-9aee-e4d9fed7190a,6,1,0,1
8dfc87b5-cedd-4806-b470-a581f90a3737,7,2,0,5
350ed97e-8eba-4272-b8b2-82f3b6165e48,0,2,3,5
bee72dc0-8dbc-4344-8e11-367246e4ebe0,2,1,0,15
564e36df-6353-4e2a-a2f3-a818d799a8dc,9,1,6,6
6a1729ae-3586-4bab-832f-ac6fc3a3ea75,2,0,3,8
6c21f224-4b53-4789-929e-4dce834ac8e0,2,1,7,4
47efcd50-d554-4960-8c43-f3afa5b8f4a7,0,1,0,5
a4f5db6b-2bca-4776-b3b6-226e55364a1a,5,0,7,10
4b2a7253-7675-41fa-9c4f-795c140c5890,7,0,2,5
493e96fb-f220-48fa-bd31-e1b65abcdff1,5,1,7,8
c7c41263-e74b-4966-b38b-17d1050ecbca,8,0,3,13
85405d8d-a8b2-426d-8c8f-83128b63e026,5,0,0,2
19ae0cb1-348b-4721-9645-c08df5d825d6,3,1,5,5
6cc92239-e406-48f0-8d4b-9e83305d9ebe,6,1,6,1
206c07f8-2481-40a0-9aad-b02ddd6ff1d5,4,1,2,17
3f5588ea-9d5f-41d0-acff-b130da9e7e37,3,1,2,6
792c6ff1-9336-4dd5-bf3c-d9b858383f9c,3,0,6,4
b5972461-6a9c-4757-b7ab-be4fc1c34188,4,2,3,6
4dbd4d23-1e96-4dd9-b087-2106552805e4,4,2,4,1
f87121eb-8411-4a01-a04f-f5cdb889d5e5,2,2,0,6
c80d69e0-8170-471c-857f-cabf6cf52ec6,3,0,2,10
3723c975-6745-4214-abcb-c5a755cfc15b,3,0,7,13
87fd51d5-74b9-4991-a0e6-3ad359b8da78,2,2,4,15
f38d7a0a-d9e7-413e-b786-bf7ccbc31cdc,3,1,7,14
0408c05c-abf3-4989-ab9e-fd8c0c1c25ac,0,0,6,2
5f91b3d1-ff3e-4b33-9399-42460c85a734,6,0,6,4
80fbbf72-1a5a-4599-a6fb-cd94f16f48c7,5,2,1,18
30c2a33f-f0db-4f1b-905f-204cd65c8d51,0,0,6,3
9b7fbf03-a049-4fcd-bd1a-7c64291efd6a,3,1,7,15
2c341a1b-0912-49f5-aea3-02929bd0c5a4,9,2,7,1
8c5aedb5-4a6f-430f-bc6c-d2e921885c8c,6,2,4,2
ee51d1cc-1ebd-4557-8208-598ad676af89,0,0,7,11
a7217e7d-9960-4c00-8aeb-b98267bca27d,7,1,3,2
f266c813-2a09-4266-9c05-095bd0086701,0,1,7,3
483dc5b6-f8a2-4c03-9d00-6ce24892d04f,7,2,2,1
34f34775-9e65-4942-9921-ff260d7df121,0,1,2,17
8d178d47-8d8e-4bab-b341-9fc539d29faa,2,2,4,11
7f67aaed-3db8-4565-aad3-dcfebe67ddb0,9,0,0,3
73f8ff59-74f8-4557-b6a6-a7c23d19a2bb,4,2,7,17
8d5a288c-1a8e-4b16-914a-df6da969ca2e,9,0,1,15
b9fa3571-5f56-4a69-ad82-2cdae8c4a76b,6,0,0,0
88612bd7-9dc9-49d2-861b-bbd07b0dd521,9,1,1,12
bae96fe4-2b30-4434-80e3-b428991d73a5,4,0,3,4
4b53c02c-9389-43fc-93c1-02ba680963b4,1,0,5,9
ed4369c4-ecde-4254-9477-efb6aa4425f3,7,0,5,4
5f988e23-acd6-4b2e-8388-9379ba6526ed,8,1,7,7
54c05592-fd5a-4c85-bdf0-b8fd084233c3,3,0,5,5
96eb296e-ab4e-47b7-8a5f-293a3df27a63,0,1,4,5
1a67ae69-8e14-4771-a30c-0fbb7d00dfef,0,0,0,15
ad08a7b6-ce0f-46d2-960b-89c1e5fc3053,5,2,5,15
b7d81688-fdeb-4fe0-9432-daf41db1bc37,6,2,4,5
2c6c6efb-ef09-492a-8791-2fe5502721fb,4,1,6,6
4f113dfa-f1f8-4daa-ad2a-ace2c38b34b7,3,1,0,5
c8782977-76d7-4e29-a61f-7eee61e5349d,0,1,5,18
5f3832b5-fcbf-4db1-b2c9-1aa770fde72d,6,0,4,9
271cabdd-1a06-441c-b0df-e9f014e40433,4,2,4,0
2c6f8ba2-3c6e-40c9-bf0c-32555d2338a3,1,2,1,1
bef62990-8318-43a0-a193-ee331447a6d1,7,2,0,16
88959d49-ab71-4d7e-98d8-b76f721bd3a6,8,2,5,18
f40118b4-62bc-4d4d-85fd-2ae30a1cb2ca,0,1,1,2
204e3d71-ea61-4556-9611-ebbac1acfef6,3,2,3,10
6276ce22-61a2-43df-87b3-3a36eb882bb1,8,1,1,5
431b69a9-bbac-4c94-8766-95a260f4f81c,4,0,4,2
7f9e3c13-f6ea-410f-a02c-8a9967bd6531,1,1,1,17
4cc55c12-4cbc-40f4-b284-8f3de8c91bb2,2,2,6,12
da0f4a40-b056-456e-bb84-f92b8c6d1759,1,2,2,17
e43ea46c-5a41-4aa0-826c-684d4a5a67f5,7,1,4,18
ff659a80-a7e6-4523-abc5-d479fad41a90,8,1,4,8
8a9bc47e-995e-4f5e-868e-24be0f2ed49f,3,1,0,2
a3a3647f-e902-4b30-b307-5ba5d3fa2a2a,9,2,0,3
984dbd71-65d4-46b7-a0b2-ccdcb6ba1d03,1,2,7,18
1e249804-f321-432c-b8d8-7ce3ceab50ff,4,1,5,18
074684c9-8d1e-49aa-bb17-a7094bc3b5c8,6,0,7,15
6f458a63-a519-4eef-9dbf-38c5c21ca345,4,0,3,3
afd88348-79a8-44e3-a304-0a5877c17fb8,9,1,5,0
0c07928c-a0db-4500-ad97-8943851ab110,3,0,7,4
5d5e93d8-0230-4c85-b4e8-047d91c47f4e,4,2,0,13
a52e1320-9cfe-45d5-ae4a-a29c883d53cb,9,0,1,6
3b548919-b327-4521-87e5-c5231b337654,7,1,2,11
c2927c4b-311a-4efb-b402-2db00f051670,1,0,2,0
9a3e0edd-1a40-4e7d-9641-2d44a6ebd7b1,1,1,7,18
60e942e8-7525-4bc2-b787-78b1b3c9d9cc,2,0,0,1
0e4aaef8-63a0-4858-9bae-160b0d9cd920,4,2,5,7
61365dd7-98ab-45e4-980f-dbf00b801b61,3,1,6,0
d0ddd7e1-f265-4692-8c21-bddc70974cd4,9,2,0,15
ffc8d403-6434-4a57-99e5-84174dcaba65,2,0,2,8
203f21ee-a6d9-42e5-a60d-25423b043c30,9,2,1,18
2e5b9dc5-208f-47ac-b326-cb89698ac8f5,2,2,3,3
778ce3f5-5301-429a-b482-599df11146a2,3,0,4,17
58987a44-44a4-4a5f-8821-e428501371a6,0,0,7,14
67f371a7-e196-495f-bc77-0bd5ce16ed89,2,0,7,10
746fa1b4-4fa0-47e7-b621-1f808f3b23c2,5,2,2,3
452f8e17-9028-4201-8222-0c18f37e1828,8,0,4,1
bd847f54-5ed2-4fe1-a562-24905e621ecc,1,0,1,0
cc90a6a8-35eb-4803-ac0d-dba7d2554c83,3,1,3,8
d6ab1748-6a5d-4dcb-bc4c-564af34f857c,3,2,2,5
ef19d505-d805-4a8a-a0b9-084f81720012,9,2,7,15
5e40b0b7-6436-4330-8d2a-e4fa6d56f03d,6,0,2,13
fec4372b-30b9-4b6d-9a2a-e783ade289af,1,2,7,13
f74aab29-4ef5-41d1-8e76-81e015e563b2,2,1,3,11
ea9345ea-cb6a-403d-bc86-f78eacb6a619,0,1,3,12
26ffa513-9cce-4a0a-84fe-968d3cbf7fa2,2,0,1,4
84913419-e2e3-45fa-b25a-7863ef7d8744,5,0,3,9
80b50280-31bb-4b8f-8eba-3f0413d28c1e,7,2,6,10
f0c7e7a0-e643-4809-b796-7387e4db9ce1,3,1,6,6
412dc0cc-16c2-49f2-afe6-a401ae6a65e5,5,1,0,0
34bcff3d-4cc5-448a-b552-e12ed09c778d,1,1,7,9
6d222f2f-d0ea-45e7-8e99-6437c24aa22d,8,2,7,12
06b84368-732d-4711-b7da-d1d792905bdd,1,1,7,9
abf2da7b-b170-4e26-85bb-4b80417ebd46,3,2,6,10
e5971fbe-25ac-4d58-956d-c7019907280a,9,2,4,13
a197236a-7f47-4555-ac82-89abd920d340,3,0,0,5
f6697dbf-18cf-4026-9a6f-24e007145475,7,0,5,5
75e95192-7b80-4efc-b04d-448423583e34,5,1,2,13
ac99c2d5-89d1-46dc-9fc7-62c9f8fd3689,6,0,4,4
1ab646ad-ec54-434d-8f4d-fbff49c446e0,0,1,3,14
4b862c40-4b59-462b-9b47-a0b3e92ca8c9,9,2,5,15
58c1e2ad-18e7-4a1d-8346-16339c1bab75,2,0,5,7
35b99bc7-bb1f-4790-8da6-3b311b8ea513,3,0,6,17
33f35876-19af-45b0-b815-8826f7f0a76d,2,1,2,12
013b9df9-2a3f-4cfe-bb4b-ce5064d8073a,5,2,0,0
ccaaaf64-4397-40d6-a8ba-0a0dfde6ca9a,6,0,1,5
30d63763-ba83-4402-a66b-0df3d297f656,5,1,4,13
9479f50b-dff4-4c40-b1d5-d838e6138ab5,9,1,2,2
fce40c86-4c2e-4c8a-b34c-6a3b526632ee,9,0,6,6
f51010e9-2757-4be2-bed2-66b4a4cab15e,4,1,6,15
150ae568-8207-4df9-ab75-892ab62a2cc0,5,0,2,13
ebbf442c-0e84-4a21-bad5-e9c37412b8b2,7,2,5,16
c084712e-7812-44ca-8707-1d5bd0bbf19c,1,2,1,19
aced2774-5e49-4345-8a0e-44fcbec14655,4,1,4,17
bab51bdd-6272-4273-a0bc-0bce8718edd6,2,2,5,1
1319819a-3bdc-4e8f-a922-4cb52b006b91,1,2,5,11
eadea757-cb85-46be-9a00-ac36aa2ffe24,1,0,0,4
5beb942c-751b-4580-b56c-a78732b4db6e,0,1,6,0
263733df-2b08-4da9-b096-a06271645f0b,0,2,3,6
f482864d-81e8-4ce5-9709-2e8c2a0ecad0,9,2,0,11
24235fba-8210-41d8-8af7-088c2fd13137,8,1,2,5
1f5698ec-8e60-42e6-b91b-59d2eedd62c0,2,2,0,11
34a66775-67db-4bbd-bb41-297df89055aa,2,2,2,2
2cc5ef83-e15d-49c3-9712-59abfc06c3bc,7,0,3,3
fe68d081-5422-434e-a93f-68fd236b0616,4,0,5,0
5e81951c-8de2-4114-b5e6-2cbe8471a2a5,3,1,2,8
be652962-6d63-4215-a4fa-2d8012bd0767,0,2,2,18
10c8668a-88a5-4257-9a1a-28fe536f6106,1,2,6,0
37070bb8-a9ac-47d1-b3d0-d6c04a275778,4,2,6,6
acdb55fb-b64f-4a0b-97fe-37cc971a6cda,6,0,6,4
c9d20e17-f0e7-4fa1-b5c5-8ff7bff5d23b,7,2,0,17
abb0afb8-68bb-499d-bef2-431ad9da3d41,3,0,0,14
68a9f4d1-a11f-4bae-a561-2463cf7b13d2,8,2,1,18
2130b4f2-a078-462f-a4fd-6991a92a8ed5,7,1,2,10
4cb4763a-99c0-438a-bfd1-a84afd734750,2,1,2,7
dd9a2f5c-3f99-422d-8dfa-31488412c2e2,9,1,1,3
3249992f-459f-4efd-8e10-373caa1feeb0,3,1,2,6
16c8dda3-c44e-4bf9-9088-c305a6a42928,4,0,2,0
3601559a-bd87-49b0-835a-71f0f82302cf,0,2,3,14
f5c08ebb-4fd0-4331-9a58-2989d7a5ea12,0,2,1,5
01966f8c-5608-4baa-b312-8071fd2329f6,4,2,5,0
fb0b088e-7ac6-40dc-8a71-0dba370ee63e,9,0,5,10
ddc210b6-b6d6-4dff-b711-37be64d63aa4,6,1,3,13
54bf2854-f06b-416e-899e-fee34633e906,1,1,6,11
2f50238c-895b-4252-8283-edc00fed5f76,8,0,1,15
5f59df43-7610-44d1-a4bd-9cff4b296d1d,5,1,5,11
68a29ee3-e867-4575-8505-a78e58fb5492,5,0,7,7
ecc0064c-c97a-4e7c-aece-a2ef3baced59,4,2,0,3
372c592d-ae57-4f4d-ad37-adf1f357dbec,1,0,0,2
5ddc60df-e616-449b-be11-088f4704af45,0,0,7,9
809a3c0b-b2db-4af5-a3e8-524e2cd92cf3,9,2,4,12
36726d98-f29a-47cf-a6a4-b39a84836e88,9,1,6,16
9d04c43f-1837-4ea2-9f7a-734f6dee5ff7,9,2,6,16
225381bc-632a-41be-b070-ed0302989049,9,0,6,17
0e04494a-6faa-4981-bfe3-140ab45470ef,9,0,1,4
32c4ecb0-b897-47a7-aec4-a5ab8f6bfdb1,8,0,7,10
c8e26747-46e1-4561-93e8-8f01390a5184,0,1,6,14
6a153058-11ec-43e3-b0d2-f7f6ef36384c,8,0,5,7
fb4b8b4d-6642-4045-9083-e84c35a467cf,2,1,1,9
a34570bc-c673-4074-96cb-8caa3aae6a2f,1,0,6,16
97bf0dab-b438-4a5f-a739-90855a92216d,5,0,7,5
ffcd57a1-cd08-4a2f-907f-de2f7be480bf,4,2,2,9
5c1a086a-3499-4f9c-adff-dc58f45e0543,2,1,1,16
190497d3-d7aa-43a3-854f-795dc5c5ad01,0,2,1,1
776e77b2-9704-447c-aeb8-11f3011405ba,4,2,2,14
54410ec7-19cb-4de2-ab7a-772ece2e11f0,5,0,2,18
cca2f398-ab18-4386-892c-f7bbe109f2db,7,1,1,3
4c635eaa-5e53-4a65-9005-75af695bb502,1,1,7,17
ea286576-90cf-42fa-b5d4-1531d7cb6206,3,2,7,15
1d6f96d9-4870-460c-9049-10ba749b69c5,7,1,3,8
2a1fd7da-0c9b-4992-9a50-6d0b15ea7c2f,4,0,1,1
8f375a42-4ab3-4d2d-8453-e46c88a905a9,7,1,7,8
0feb0d26-1559-4b00-a1dd-de6417e174bb,7,1,0,8
ac1eb08e-5c2f-423c-b356-37865d087311,7,2,2,7
ea8a283a-c359-48e1-b429-ad52823fcd17,3,0,2,3
12b26448-6076-4baf-ac70-429057e7b0f5,6,1,2,9
fca15ef7-8426-491d-8527-faa396d6be2f,2,1,6,15
a8a370d9-6a6d-42ac-ad02-b0cc564713c4,4,0,6,5
5dc5d14e-875d-4a16-8d78-fed73a09a964,2,1,0,0
6da7bb4c-4e0d-4a2e-8366-6c8b8fd7ce55,3,0,5,5
a3e6293d-57a4-4f61-970f-49df2fa01865,0,1,6,19
3aaa2109-23a4-4a84-90e3-bc2e74007845,9,2,7,14
ab1ab04b-8b8f-423d-980b-ecd3f94b5509,4,1,3,0
704f5573-920e-4e9d-bdbf-1ace0396f92b,2,1,7,0
6db60fca-4261-463e-a8d1-23ebd0289d7e,0,0,1,8
2eba2b2b-c572-4198-8982-bdeb86263397,3,2,0,5
f902d297-bd05-444c-be19-489f22d50104,7,0,1,9
2f349c0c-afb4-4453-b19b-bb06c5fcacd7,1,1,2,8
d21ad56a-4f32-48d5-a378-df6c746e3c14,0,1,0,11
a8c08390-aaad-4cbd-92c6-f23e8e8d434e,5,0,0,7
ffbfe395-4363-458f-8d92-60fc5cf02106,4,0,3,4
5ed203d0-fb4a-4313-ac9d-b4a4fc229153,2,1,1,11
b3fb82a9-80eb-41cf-ba9c-e0b01898dbf3,7,0,5,10
1fb15675-4108-4b56-b507-aaafb8be5c4d,7,0,0,5
45f254b7-008e-42a2-ab9b-2da8aabd8b6a,3,2,4,15
177b6126-8955-42a7-b0cd-44a9a7e5852b,8,0,1,14
efcd7011-6a16-45b6-becf-a71c91fe4bc2,6,0,6,18
62873376-9766-47d9-9e26-1fab8c3e3d9d,6,0,6,1
e8ce895a-115a-489f-bb8f-6bd578251c3f,1,0,3,17
bb46ea36-4eda-4c9d-871e-ecddea83b5d6,1,2,7,17
04ecbb5d-3855-4e90-a290-a515d552bb94,6,0,4,12
54be9c90-8846-42ed-9b11-8ef554399948,8,0,1,17
2d1d5869-040a-4ffd-ad98-8719f2270e57,4,0,4,15
ef1752b3-7562-48c1-b9b3-3383908e1b1e,7,2,0,6
429aa251-6b85-4ad4-81cb-45b4ae7de28f,1,2,4,12
35f92784-aca2-4427-a2b8-1292d8e77e0b,9,1,2,0
b2453a90-fb9c-41d4-acbd-4f1c7cdca625,4,2,1,7
3a468839-2c21-413f-b472-fe4054944df7,5,0,0,19
68e5cb78-ae78-497f-9091-20931d6f918a,8,0,5,0
3b7eda9f-39b9-4e1d-9fc9-7744491f6459,5,0,1,6
8de093af-e53a-4b8b-bc69-2ddf1bfac314,8,1,0,1
63a8d386-08d2-42a1-9485-b83054bcda00,0,2,3,14
f8786f31-4e49-4e3d-a9b5-acc4840a5cde,1,0,7,5
bfd4e20f-33fb-4a42-b9a5-b1a87fb56f98,0,1,4,3
344ab874-793c-418b-8317-6915663e84bc,8,1,0,11
7bf49a9d-15ed-44da-a7dc-72944d6238a3,9,0,3,4
ff3c9f06-e841-4646-952e-36fb84f2416a,6,2,6,10
7876e32a-c304-4cdd-80a6-551e9ccc3db4,5,1,0,9
49c477c4-ff4c-4061-87b7-907bbf5b1c69,4,1,6,6
f90acef6-6303-4678-876d-6342bf1117bb,0,0,1,11
c2d38a15-adae-4359-be1f-6024ef92d53b,9,2,5,5
bb6266ad-969c-418f-b0c6-9412a2cd182c,3,1,7,11
1f60a974-05f4-4f7e-8eea-dc5193022951,4,2,1,19
8522d15c-bd24-4ff4-b121-32da9baee12e,7,0,3,18
4404d152-ccd7-4aa0-9679-c5a0c151d856,4,2,4,16
f98e03f3-b81a-4686-b630-38d2d3035e67,2,2,5,16
abb1095c-3f72-4f21-be71-cf3e530e6865,4,1,2,2
c304f710-a643-4323-8f89-5643900ab924,6,2,6,19
06bbbee4-3339-419b-8a5c-7553dd4a1415,5,2,1,3
8513f19f-a14f-4a24-87e8-3e51ac833558,7,0,5,5
9886095f-9b87-4754-aa4a-7b4beff53cc4,4,0,1,6
2e84b6f3-bfba-447b-8304-94f734796214,9,0,1,6
b6470f49-4b99-43e8-a33b-5bce1aabb487,3,0,0,3
b9e7bd41-be9a-4b7b-bd08-98e8cfeb490d,1,2,6,8
6a12385b-0033-4182-8b2a-88f501e8a260,6,2,1,2
db637eaa-7a52-4e42-9ed6-6ababa1cfc36,9,0,3,6
88eb926e-1034-4e86-a7e5-bec922ed6a33,7,2,5,6
ab69e76c-c761-49c1-bf7f-e92944fc6eef,9,2,0,7
ddad6937-1a27-40fa-a890-060332337230,5,2,3,15
144589cf-2a1f-4665-a4ce-2e90bf54b4e2,6,2,1,19
a5037033-d436-4012-806e-6e1b01a5c544,3,2,0,4
c420217d-f333-4f52-997c-0b1d0d96f8f0,4,1,7,15
4918ec5a-08ab-46c7-93eb-4043606136e8,3,0,5,8
72a0b858-b1c7-4a61-b8b8-46829420a0fd,4,0,4,17
35bf4bfb-aadb-4548-b4a6-e01d6ea91bb7,0,0,6,4
bb96e980-99c5-472b-89d3-12eedc435c86,3,0,6,13
75098468-9494-4260-b0fd-7133b7652c33,8,0,2,19
d32d60e4-7d93-49fd-a62b-4337a1ef9354,3,0,7,1
987a2bcf-94c9-49c5-bcd1-d5e355cb796e,3,1,7,11
b176a5a4-415d-44c1-80dd-19927339ff8e,9,1,6,13
6800ad32-4914-422e-a827-2ba87619c686,2,1,1,15
d1960f61-50e1-42a7-ad22-16131fb80034,2,2,7,6
4e0a2eb4-1968-4e28-884e-1ede88d45bf1,3,0,6,14
942d9f1c-4383-48c5-89d7-c53c7ad5f74b,9,2,1,12
3772803d-f945-403a-954c-7a8f119ab43e,5,1,6,4
1352ea72-181c-457c-8c7b-250d6c080674,4,0,1,7
1101fd87-7cbe-462e-bd9b-3fb3e0bc6997,6,2,1,10
b441bcbf-fdaa-494e-a04b-6d323a077eab,2,2,5,10
ad7df445-cdda-4737-a5a4-b4b1ebffe7c1,8,0,0,10
5ea49c03-897b-402d-af8c-803737cbe9b2,9,2,3,15
848e7311-2b66-43a7-9fef-be1e24506f44,9,2,0,19
43f7bd31-66a6-426e-b495-83300024710a,8,0,4,1
953e02cf-2989-4a5d-b818-15f8eaf694c1,7,1,1,1
55f6f4f2-2169-4f4b-ba57-11689e9e09c6,2,2,0,12
0ca9100e-f24f-432b-85d5-236451f5a813,5,0,1,5
6264e11d-00f3-42ae-859f-7c10d857c705,5,2,3,12
c727a796-6cae-4e11-9f6e-575cd8f6ffa9,9,1,5,7
c45f7fb0-1e57-4c07-b9af-46998edb11e9,6,0,3,5
1c49dc9a-433a-484e-a4ec-04c98fcf2110,0,0,3,5
452a87f3-3051-4714-a44e-8f4243d51bd2,1,1,1,2
595e3c50-80ce-46c6-b2f8-37929c5326ff,5,2,6,1
e0752bdf-f0fb-4f72-acac-e812aa2e1a83,5,2,4,19
983b9247-48b0-4015-a2d7-05aa7d12b8ae,2,2,4,6
1717c8f7-939a-48bc-9a5f-b8e74a37128c,5,2,1,14
e1e95264-9fa8-4e9a-8352-095b08b30edf,3,0,0,15
510fbff5-fc4f-4155-ad50-0a2abafd2d36,4,0,0,17
3c7ee4f1-bf73-4c79-ad64-3dfa67f75647,9,1,7,13
0ff48b59-0211-4755-9c96-fde93b647236,3,1,6,9
4ba27137-c563-46c2-974e-3351f8b76739,3,1,3,19
9273091e-33ad-492b-a313-31927e49fb78,5,2,5,2
03152b83-d1b0-4381-9ce6-f921ba8e1144,4,0,7,0
c9c3640b-15c8-40d4-9f1c-8d8991ff6560,2,0,6,9
